[
  {
    "id": 1,
    "limage": "http://img2.woyaogexing.com/2022/04/28/a32f8f6c174a4c69af755a14da5ff822!400x400.png",
    "avatar": "http://img2.woyaogexing.com/2022/04/28/60e043b181144b5e9134c6f32154412b!400x400.png",
    "userName": "萌宠一族",
    "location": "北京·大相国寺",
    "publicTime": "6小时前"
  },
  {
    "id": 2,
    "limage": "",
    "avatar": "http://img2.woyaogexing.com/2022/04/28/940828f2ebf1492497f1f5ac610f3ed5!400x400.jpeg",
    "userName": "爱的每一天",
    "content": "对，这话我说过",
    "location": "西京·未央宫",
    "publicTime": "1小时前",
    "comments": [
      {
        "avatar_url": "http://img2.woyaogexing.com/2022/04/25/18db0f9f462644c3843303e5d83aab05!400x400.jpeg",
        "comment": "cav",
        "person": "james"
      },
      {
        "avatar_url": "http://img2.woyaogexing.com/2022/04/25/d1be4715a1dc4d85b11e471a29c462f4!400x400.jpeg",
        "comment": "boston",
        "person": "irving"
      },
      {
        "avatar_url": "http://img2.woyaogexing.com/2022/04/25/0afc130b217245da8f8d7bd4a922b8d7!400x400.jpeg",
        "comment": "cav",
        "person": "love"
      }
    ]
  },
  {
    "id": 3,
    "limage": "http://img2.woyaogexing.com/2022/04/29/8479fe903b9a4938b569f6ee08006d08!400x400.jpeg,http://img2.woyaogexing.com/2022/04/28/86196aa1295a4ebf9254274bdb847408!400x400.jpeg,http://img2.woyaogexing.com/2022/04/28/81ea9c2da0f0426cbcb76a74a80fee71!400x400.jpeg",
    "avatar": "http://img2.woyaogexing.com/2022/04/25/853289c432004926b7728b435cfc8c66!400x400.jpeg",
    "userName": "如果当时",
    "content": "跋涉三年的逝水年华，他始终默默地在原地等她回来，他说，在哪儿走失的，我一定会在哪儿一直等到你回来。那一刻她才知道，也许，正是为着他的不完美，她才更爱他。",
    "location": "南京·中山陵",
    "publicTime": "6小时前",
    "comments": [
      {
        "avatar_url": "http://img2.woyaogexing.com/2021/07/30/2f5ea8a0711840b19abf2f2aefc6b829!400x400.jpeg",
        "comment": "cav",
        "person": "james"
      },
      {
        "avatar_url": "http://img2.woyaogexing.com/2021/07/30/8ad7888a3a7c4c3fb4f8ab28506ca495!400x400.jpeg",
        "comment": "boston",
        "person": "irving"
      },
      {
        "avatar_url": "http://img2.woyaogexing.com/2021/07/30/55ad05a68b4a42f984342f88479660ed!400x400.jpeg",
        "comment": "cav",
        "person": "love"
      }
    ]
  },
  {
    "id": 4,
    "limage": "http://img2.woyaogexing.com/2022/04/27/e43a084ef60b4dab8190f1e8ec6eadfc!400x400.jpeg,http://img2.woyaogexing.com/2022/04/26/421ac909604641339171b88089dd8189!400x400.jpeg,http://img2.woyaogexing.com/2022/04/26/d2cdd99e2c374d7ba96223ebbc5fa9b9!400x400.jpeg",
    "avatar": "http://img2.woyaogexing.com/2022/04/27/e2327f3995964bf9b857e840d9311def!400x400.jpeg",
    "userName": "天道酬勤",
    "content": "哪里有天才，我是把别人喝咖啡的工夫都用在了工作上了。",
    "location": "北京·故宫",
    "publicTime": "10小时前",
    "comments": [
      {
        "avatar_url": "http://img2.woyaogexing.com/2022/04/25/2d36d0ff34f94a32b2dc6dd498769f87!400x400.jpeg",
        "comment": "cav",
        "person": "james"
      },
      {
        "avatar_url": "http://img2.woyaogexing.com/2022/04/25/f73ebd9c1bc74cd3bed24c7f9c576cb2!400x400.jpeg",
        "comment": "boston",
        "person": "irving"
      },
      {
        "avatar_url": "http://img2.woyaogexing.com/2022/04/28/0bf4f2c245f948f2bb78d419713fda8f!400x400.jpeg",
        "comment": "cav",
        "person": "love"
      }
    ]
  },
  {
    "id": 5,
    "limage": "http://img2.woyaogexing.com/2022/04/27/a53eb0dc04e34d03b4c278faaa06b13e!400x400.jpeg,http://img2.woyaogexing.com/2022/04/27/a2c236610a074d07932b058a67baf633!400x400.jpeg,http://img2.woyaogexing.com/2022/04/27/d559baeadd19415bbfb3067bcb6c40e8!400x400.jpeg,http://img2.woyaogexing.com/2022/04/27/19fc3585283f4c74b463241bbe120ec9!400x400.jpeg,http://img2.woyaogexing.com/2022/04/25/fa535ae764ff43eab654633711968401!400x400.jpeg",
    "avatar": "http://img2.woyaogexing.com/2021/07/27/c3d34960b12b432497175a792807b78e!400x400.jpeg",
    "userName": "明天会更好",
    "content": "友谊是两颗心真诚相待，而不是一颗心对另一颗心敲打",
    "location": "",
    "publicTime": "昨天"
  },
  {
    "id": 6,
    "limage": "http://img2.woyaogexing.com/2022/04/26/e857e8668e5c41bbaf744b6dabab8e85!400x400.jpeg,http://img2.woyaogexing.com/2022/04/26/ab179fdf8381437d9b8c26bdebd3d2e7!400x400.jpeg,http://img2.woyaogexing.com/2022/04/26/1b1110d87aee44b58b4a389e995654f6!400x400.jpeg,http://img2.woyaogexing.com/2022/04/26/8ec9794503304346abd4803dab76389c!400x400.jpeg,http://img2.woyaogexing.com/2022/04/26/5db569d16da4497da9ff145687c1a091!400x400.jpeg,http://img2.woyaogexing.com/2022/04/26/abde3839d7bc4b1a8df008d26442de27!400x400.jpeg,http://img2.woyaogexing.com/2022/04/26/b220efc9b4794a0092f47e01dafba2b5!400x400.jpeg,http://img2.woyaogexing.com/2022/04/26/9e9c95954b2242c4a4118006457ac6e5!400x400.jpeg,http://img2.woyaogexing.com/2022/04/26/7698cb12589047fb84b9956626d34c05!400x400.jpeg",
    "avatar": "http://img2.woyaogexing.com/2022/04/25/1cbf8d90bb76446db3adf799670fe764!400x400.jpeg",
    "userName": "星辰大海",
    "content": "",
    "location": "海南·三亚",
    "publicTime": "5天前"
  },
  {
    "id": 7,
    "limage": "http://i7.qhimg.com/t01dc4b7086db70a49a.jpg",
    "avatar": "http://img2.woyaogexing.com/2022/04/25/f2f5a9ee19d7496596a7a009a4749f6f!400x400.jpeg",
    "userName": "苏东坡",
    "content": "明月几时有，老夫想喝酒！！！",
    "location": "",
    "publicTime": "10小时前"
  },
  {
    "id": 8,
    "limage": "http://img5.artron.net/auction/2012/art501702/d/art5017020027.jpg,http://www.99zihua.com/images/goods/20130502/4238481536fbdad4.jpg,http://n.sinaimg.cn/history/transform/20171009/bWJ7-fymrcpw5253182.jpg,https://pic.rmb.bdstatic.com/1cbba2fabf1554017b9eed38f65715d3.jpeg",
    "avatar": "http://img2.woyaogexing.com/2022/04/25/6b29fbeb53ea4f86ae2363631f9fd3e1!400x400.jpeg",
    "userName": "苏东坡",
    "content": "缺月挂疏桐，漏断人初静。时见幽人独往来，缥缈孤鸿影。\n惊起却回头，有恨无人省。拣尽寒枝不肯栖，寂寞沙洲冷。",
    "location": "苏州·姑苏城",
    "publicTime": "10小时前"
  },
  {
    "id": 9,
    "limage": "http://img2.woyaogexing.com/2021/09/03/9fd125d679984528ae7e7aeab532aad2!400x400.jpeg,http://img2.woyaogexing.com/2021/09/03/fff2a9c00d63463181ff172f1220624c!400x400.jpeg,http://img2.woyaogexing.com/2021/09/03/10c7774f252b47f0a1699cb549d55313!400x400.jpeg",
    "avatar": "http://img2.woyaogexing.com/2021/09/03/717b15e552284d3e951d2f8ac7e789a7!400x400.jpeg",
    "userName": "秋天的海",
    "location": "法国·巴黎",
    "publicTime": "昨天"
  },
]
