[
  {
    "id": 1,
    "userInfo": {
      "user_id": 1,
      "background_url": "https://img-pre.ivsky.com/img/tupian/pre/202108/08/hushui-004.jpg",
      "avatar_url": "http://img2.woyaogexing.com/2022/03/07/ed37ea279a614c299a34c50cd5bbea4a!400x400.jpeg",
      "user_name": "Jett2022"
    }
  },
  {
    "id": 1,
    "limage": "http://img2.woyaogexing.com/2021/07/30/f0fb4aa3f74b4674868307b56910834a!400x400.jpeg",
    "avatar": "http://img2.woyaogexing.com/2022/04/28/58d93adf40b84dcbb8b9979b56a4e6f6!400x400.jpeg",
    "userName": "夜风已冷~",
    "location": "北京·天安门",
    "publicTime": "6小时前",
    "comments": [
      {
        "avatar_url": "http://img2.woyaogexing.com/2022/04/28/5fd0ec3fd5a440a79bc77708e7c974b0!400x400.jpeg",
        "comment": "万代大",
        "person": "欧米茄"
      },
      {
        "avatar_url": "http://img2.woyaogexing.com/2022/04/26/58348c965d544872a09fd13a3adb1055!400x400.jpeg",
        "comment": "你在说什么？",
        "person": "要死啦"
      },
      {
        "avatar_url": "http://img2.woyaogexing.com/2022/03/25/cadfd26a57b9498d813dbb667c0e0467!400x400.jpeg",
        "comment": "红哦哦",
        "person": "爱的心疼"
      }
    ]
  },
  {
    "id": 2,
    "limage": "",
    "avatar": "http://p1.ifengimg.com/fck/2017_46/61dc7cab79bf1e8_w500_h500.jpg",
    "userName": "后知后觉",
    "content": "对，这话我说过 021-87888822xxa",
    "location": "西京·未央宫",
    "publicTime": "1小时前"
  },
  {
    "id": 3,
    "limage": "http://img2.woyaogexing.com/2022/04/28/041a8496038c41e89d3a6f3e8f29437b!400x400.jpeg,http://img2.woyaogexing.com/2022/04/28/a5481ff508c44a2282d688b575538a7a!400x400.jpeg,http://img2.woyaogexing.com/2022/04/28/2eab80f3c570464e8cee901aab3f5b04!400x400.jpeg",
    "avatar": "http://img2.woyaogexing.com/2022/04/28/8c289846c64c4ee98e17db122e4f07c0!400x400.jpeg",
    "userName": "路飞呀",
    "content": "伟大的成绩和辛勤劳动是成正比例的，有一分劳动就有一分收获，日积月累，从少到多，奇迹就可以创造出来。http://baidu.com",
    "location": "东京·大相国寺",
    "publicTime": "6小时前",
    "comments": [
      {
        "avatar_url": "http://img2.woyaogexing.com/2022/03/25/a2aa4794c7be4acf8cce2ae3379f3f24!400x400.jpeg",
        "comment": "cav",
        "person": "james"
      },
      {
        "avatar_url": "http://img2.woyaogexing.com/2022/03/25/8134faf1a51d4abcb6b4faa97f14c5e1!400x400.jpeg",
        "comment": "boston",
        "person": "irving"
      },
      {
        "avatar_url": "http://img2.woyaogexing.com/2022/04/28/422f1e900a414686ac4e3e6b5d8b26ae!400x400.jpeg",
        "comment": "cav",
        "person": "love"
      }
    ]
  },
  {
    "id": 4,
    "limage": "http://img2.woyaogexing.com/2022/04/25/6a4dc51ddf364cef888385a2243c9ebf!400x400.jpeg",
    "avatar": "http://img2.woyaogexing.com/2022/04/28/dbfa227a12f4443a8ba4ea82aff5be9f!400x400.jpeg",
    "userName": "箴言至心",
    "content": "哪里有天才，我是把别人喝咖啡的工夫都用在了工作上了。",
    "location": "北京·故宫",
    "publicTime": "10小时前"
  },
  {
    "id": 5,
    "limage": "https://img2.woyaogexing.com/2021/08/19/96be8e219e544752af1de5d91b9d0e52!400x400.png,http://img2.woyaogexing.com/2022/04/27/c143c859d17b49edb874be731554a403!400x400.jpeg,http://img2.woyaogexing.com/2022/04/25/fa535ae764ff43eab654633711968401!400x400.jpeg",
    "avatar": "http://img2.woyaogexing.com/2022/04/27/9c89a905f5e846ea9e05d2b490808766!400x400.jpeg",
    "userName": "友谊的船",
    "content": "友谊是两颗心真诚相待，而不是一颗心对另一颗心敲打",
    "location": "",
    "publicTime": "昨天",
    "comments": [
      {
          
        "avatar_url": "http://img2.woyaogexing.com/2021/04/26/04ee2aa30c4a48e889288adbb2f0be54!400x400.jpeg",
        "comment": "cav",
        "person": "james"
      },
      {
        "avatar_url": "http://img2.woyaogexing.com/2021/04/26/148cbcc87dc6429ab3c43c9984707ae9!400x400.jpeg",
        "comment": "boston",
        "person": "irving"
      },
      {
        "avatar_url": "http://img2.woyaogexing.com/2021/07/27/08c15c4a423e4c69bd40ff0650265794!400x400.jpeg",
        "comment": "cav",
        "person": "love"
      }
    ]
  },
  {
    "id": 6,
    "limage": "http://img2.woyaogexing.com/2022/04/26/5a543644c3914b9eae280d2afd936ac5!400x400.jpeg,http://img2.woyaogexing.com/2022/04/26/ab179fdf8381437d9b8c26bdebd3d2e7!400x400.jpeg,http://img2.woyaogexing.com/2022/04/26/1b1110d87aee44b58b4a389e995654f6!400x400.jpeg,http://img2.woyaogexing.com/2022/04/26/8ec9794503304346abd4803dab76389c!400x400.jpeg,http://img2.woyaogexing.com/2022/04/26/5db569d16da4497da9ff145687c1a091!400x400.jpeg,http://img2.woyaogexing.com/2022/04/26/abde3839d7bc4b1a8df008d26442de27!400x400.jpeg,http://img2.woyaogexing.com/2022/04/26/b220efc9b4794a0092f47e01dafba2b5!400x400.jpeg,http://img2.woyaogexing.com/2022/04/26/9e9c95954b2242c4a4118006457ac6e5!400x400.jpeg,http://img2.woyaogexing.com/2022/04/26/7698cb12589047fb84b9956626d34c05!400x400.jpeg",
    "avatar": "http://img2.woyaogexing.com/2022/04/25/817ea967fe1645dd8c9f00efc4b9f6e0!400x400.jpeg",
    "userName": "夏日炎炎",
    "content": "夏日炎炎，有你才甜呀。",
    "location": "深圳·白石洲",
    "publicTime": "2天前"
  },
  {
    "id": 7,
    "limage": "http://i7.qhimg.com/t01dc4b7086db70a49a.jpg",
    "avatar": "http://img2.woyaogexing.com/2022/04/25/f2f5a9ee19d7496596a7a009a4749f6f!400x400.jpeg",
    "userName": "苏东坡",
    "content": "明月几时有，老夫想喝酒！！！",
    "location": "",
    "publicTime": "10小时前"
  },
  {
    "id": 8,
    "limage": "http://img5.artron.net/auction/2012/art501702/d/art5017020027.jpg,http://www.99zihua.com/images/goods/20130502/4238481536fbdad4.jpg,http://n.sinaimg.cn/history/transform/20171009/bWJ7-fymrcpw5253182.jpg,https://pic.rmb.bdstatic.com/1cbba2fabf1554017b9eed38f65715d3.jpeg",
    "avatar": "http://img2.woyaogexing.com/2022/04/25/f2f5a9ee19d7496596a7a009a4749f6f!400x400.jpeg",
    "userName": "苏轼",
    "content": "十年生死两茫茫，不思量，自难忘。千里孤坟，无处话凄凉。纵使相逢应不识，尘满面，鬓如霜。\n夜来幽梦忽还乡，小轩窗，正梳妆。相顾无言，惟有泪千行。料得年年肠断处，明月夜，短松冈。",
    "location": "苏州·寒山寺",
    "publicTime": "10小时前"
  }
]
